{
    "manifest_version": 2,
    "name": "WebClass Extension",
    "description": "An extension for WebClass",
    "homepage_url": "https://github.com/MisakiBear/WebClass-Extension",
    "version": "0.5.4",
    "icons": {
        "128": "img/icon.png"
    },
    "browser_action": {
        "default_title": "Open WebClass"
    },
    "permissions": [
        "storage",
        "downloads",
        "https://*/webclass/login.php/*"
    ],
    "options_ui": {
        "page": "options.html",
        "chrome_style": true
    },
    "background": {
        "scripts": ["js/timetrigger.js", "js/background.js"],
        "persistent": false
    },
    "content_scripts": [
        {
            "matches": ["https://*/webclass/*"],
            "js": ["js/jquery-3.5.1.min.js"],
            "run_at": "document_start"
        },
        {
            "matches": ["https://*/webclass/", 
                "https://*/webclass/?acs_=*", 
                "https://*/webclass/index.php*"
            ],
            "js": ["js/mainpage.js"]
        },
        {
            "matches": ["https://*/webclass/txtbk_frame.php*"],
            "js": ["js/contentsdownload.js"]
        },
        {
            "matches": ["https://*/webclass/file_down.php*"],
            "js": ["js/autodownload.js"]
        },
        {
            "matches": ["https://*/webclass/informations.php*"],
            "exclude_matches": ["https://*/webclass/informations.php*action=show*"],
            "js": ["js/autoreadinfo.js"]
        },
        {
            "matches": ["https://*/webclass/course.php*"],
            "js": ["js/timetrigger.js", "js/reportalert.js"]
        },
        {
            "matches": ["https://*/webclass/qstn_frame.php*"],
            "js": ["js/reportsearcher.js"]
        }
    ]
}